位号,型号或数值,封装,连接,备注
"U11","DRV8313PWPR","HTSSOP-28 PWP + EP29","1:CPL=M1_CPL; 2:CPH=M1_CPH; 3:VCP=M1_VCP; 4:VM=VM; 5:OUT1=M1_U; 6:PGND1=M1_SU; 7:PGND2=M1_SV; 8:OUT2=M1_V; 9:OUT3=M1_W; 10:PGND3=GND; 11:VM=VM; 12:COMPP=GND; 13:COMPN=GND; 14:GND=GND; 15:V3P3=M1_DRV3V3; 16:nRESET=M1_RESET_N; 17:nSLEEP=M1_SLEEP_N; 18:nFAULT=M1_FAULT_N; 19:nCOMPO=NC; 20:GND=GND; 21:NC=NC; 22:EN3=M1_EN; 23:IN3=M1_PWM_W; 24:EN2=M1_EN; 25:IN2=M1_PWM_V; 26:EN1=M1_EN; 27:IN1=M1_PWM_U; 28:GND=GND; 29:EP=GND",""
"C101","100nF/35V","0603","1:1=VM; 2:2=GND","紧贴 pin4"
"C102","100nF/35V","0603","1:1=VM; 2:2=GND","紧贴 pin11"
"C103","22uF/35V","1210 X7R","1:1=VM; 2:2=GND","有效容量随偏压复核"
"C104","10nF/35V","0603","1:1=M1_CPH; 2:2=M1_CPL",""
"C105","100nF/35V","0603","1:1=M1_VCP; 2:2=VM",""
"C106","470nF/10V","0603","1:1=M1_DRV3V3; 2:2=GND",""
"RS11","10mΩ/1%/≥0.5W","2010","1:1=M1_SU; 2:2=GND","放大器从电阻两端 Kelvin 引出"
"RS12","10mΩ/1%/≥0.5W","2010","1:1=M1_SV; 2:2=GND","放大器从电阻两端 Kelvin 引出"
"JM1","电机三相","3焊盘","1:U=M1_U; 2:V=M1_V; 3:W=M1_W",""
"U12","DRV8313PWPR","HTSSOP-28 PWP + EP29","1:CPL=M2_CPL; 2:CPH=M2_CPH; 3:VCP=M2_VCP; 4:VM=VM; 5:OUT1=M2_U; 6:PGND1=M2_SU; 7:PGND2=M2_SV; 8:OUT2=M2_V; 9:OUT3=M2_W; 10:PGND3=GND; 11:VM=VM; 12:COMPP=GND; 13:COMPN=GND; 14:GND=GND; 15:V3P3=M2_DRV3V3; 16:nRESET=M2_RESET_N; 17:nSLEEP=M2_SLEEP_N; 18:nFAULT=M2_FAULT_N; 19:nCOMPO=NC; 20:GND=GND; 21:NC=NC; 22:EN3=M2_EN; 23:IN3=M2_PWM_W; 24:EN2=M2_EN; 25:IN2=M2_PWM_V; 26:EN1=M2_EN; 27:IN1=M2_PWM_U; 28:GND=GND; 29:EP=GND",""
"C201","100nF/35V","0603","1:1=VM; 2:2=GND","紧贴 pin4"
"C202","100nF/35V","0603","1:1=VM; 2:2=GND","紧贴 pin11"
"C203","22uF/35V","1210 X7R","1:1=VM; 2:2=GND","有效容量随偏压复核"
"C204","10nF/35V","0603","1:1=M2_CPH; 2:2=M2_CPL",""
"C205","100nF/35V","0603","1:1=M2_VCP; 2:2=VM",""
"C206","470nF/10V","0603","1:1=M2_DRV3V3; 2:2=GND",""
"RS21","10mΩ/1%/≥0.5W","2010","1:1=M2_SU; 2:2=GND","放大器从电阻两端 Kelvin 引出"
"RS22","10mΩ/1%/≥0.5W","2010","1:1=M2_SV; 2:2=GND","放大器从电阻两端 Kelvin 引出"
"JM2","电机三相","3焊盘","1:U=M2_U; 2:V=M2_V; 3:W=M2_W",""
"U13","DRV8313PWPR","HTSSOP-28 PWP + EP29","1:CPL=M3_CPL; 2:CPH=M3_CPH; 3:VCP=M3_VCP; 4:VM=VM; 5:OUT1=M3_U; 6:PGND1=M3_SU; 7:PGND2=M3_SV; 8:OUT2=M3_V; 9:OUT3=M3_W; 10:PGND3=GND; 11:VM=VM; 12:COMPP=GND; 13:COMPN=GND; 14:GND=GND; 15:V3P3=M3_DRV3V3; 16:nRESET=M3_RESET_N; 17:nSLEEP=M3_SLEEP_N; 18:nFAULT=M3_FAULT_N; 19:nCOMPO=NC; 20:GND=GND; 21:NC=NC; 22:EN3=M3_EN; 23:IN3=M3_PWM_W; 24:EN2=M3_EN; 25:IN2=M3_PWM_V; 26:EN1=M3_EN; 27:IN1=M3_PWM_U; 28:GND=GND; 29:EP=GND",""
"C301","100nF/35V","0603","1:1=VM; 2:2=GND","紧贴 pin4"
"C302","100nF/35V","0603","1:1=VM; 2:2=GND","紧贴 pin11"
"C303","22uF/35V","1210 X7R","1:1=VM; 2:2=GND","有效容量随偏压复核"
"C304","10nF/35V","0603","1:1=M3_CPH; 2:2=M3_CPL",""
"C305","100nF/35V","0603","1:1=M3_VCP; 2:2=VM",""
"C306","470nF/10V","0603","1:1=M3_DRV3V3; 2:2=GND",""
"RS31","10mΩ/1%/≥0.5W","2010","1:1=M3_SU; 2:2=GND","放大器从电阻两端 Kelvin 引出"
"RS32","10mΩ/1%/≥0.5W","2010","1:1=M3_SV; 2:2=GND","放大器从电阻两端 Kelvin 引出"
"JM3","电机三相","3焊盘","1:U=M3_U; 2:V=M3_V; 3:W=M3_W",""
"U14","DRV8313PWPR","HTSSOP-28 PWP + EP29","1:CPL=M4_CPL; 2:CPH=M4_CPH; 3:VCP=M4_VCP; 4:VM=VM; 5:OUT1=M4_U; 6:PGND1=M4_SU; 7:PGND2=M4_SV; 8:OUT2=M4_V; 9:OUT3=M4_W; 10:PGND3=GND; 11:VM=VM; 12:COMPP=GND; 13:COMPN=GND; 14:GND=GND; 15:V3P3=M4_DRV3V3; 16:nRESET=M4_RESET_N; 17:nSLEEP=M4_SLEEP_N; 18:nFAULT=M4_FAULT_N; 19:nCOMPO=NC; 20:GND=GND; 21:NC=NC; 22:EN3=M4_EN; 23:IN3=M4_PWM_W; 24:EN2=M4_EN; 25:IN2=M4_PWM_V; 26:EN1=M4_EN; 27:IN1=M4_PWM_U; 28:GND=GND; 29:EP=GND",""
"C401","100nF/35V","0603","1:1=VM; 2:2=GND","紧贴 pin4"
"C402","100nF/35V","0603","1:1=VM; 2:2=GND","紧贴 pin11"
"C403","22uF/35V","1210 X7R","1:1=VM; 2:2=GND","有效容量随偏压复核"
"C404","10nF/35V","0603","1:1=M4_CPH; 2:2=M4_CPL",""
"C405","100nF/35V","0603","1:1=M4_VCP; 2:2=VM",""
"C406","470nF/10V","0603","1:1=M4_DRV3V3; 2:2=GND",""
"RS41","10mΩ/1%/≥0.5W","2010","1:1=M4_SU; 2:2=GND","放大器从电阻两端 Kelvin 引出"
"RS42","10mΩ/1%/≥0.5W","2010","1:1=M4_SV; 2:2=GND","放大器从电阻两端 Kelvin 引出"
"JM4","电机三相","3焊盘","1:U=M4_U; 2:V=M4_V; 3:W=M4_W",""
"U1","STM32G431CBT6","LQFP48","1:VBAT=+3V3_A; 2:PC13 / GPIO=ARM_SAFE; 3:PC14/PC15=NC; 4:PC14/PC15=NC; 5:PF0 / HSE_IN=A_OSC_IN; 6:PF1 / HSE_OUT=A_OSC_OUT; 7:PG10 / NRST=A_NRST; 8:PA0 / ADC1.1=M1_IU; 9:PA1 / ADC2.2=M1_IV; 10:PA2 / USART2_TX=A_UART_TX; 11:PA3 / USART2_RX=A_UART_RX; 12:PA4 / ADC2.17=A_VBUS; 13:PA5 / ADC2.13=A_NTC; 14:PA6 / ADC2.3=M2_IV; 15:PA7 / unused=NC; 16:PB0 / ADC1.15=M2_IU; 17:PB1 / unused=NC; 18:PB2 / GPIO=M2_RESET_N; 19:VSS/A=GND; 20:VREF+=A_VDDA; 21:VDDA=A_VDDA; 22:PB10 / GPIO=M1_RUN; 23:VSS/A=GND; 24:VDD=+3V3_A; 25:PB11 / GPIO=M2_RUN; 26:PB12 / TIM1_BKIN=M1_FAULT_N; 27:PB13 / GPIO=M1_SLEEP_N; 28:PB14 / GPIO=M1_RESET_N; 29:PB15 / GPIO=M2_SLEEP_N; 30:PA8 / TIM1_CH1=M1_PWM_U; 31:PA9 / TIM1_CH2=M1_PWM_V; 32:PA10 / TIM1_CH3=M1_PWM_W; 33:PA11 / CAN_RX=A_CAN_RX; 34:PA12 / CAN_TX=A_CAN_TX; 35:VSS/A=GND; 36:VDD=+3V3_A; 37:PA13 / SWDIO=A_SWDIO; 38:PA14 / SWCLK=A_SWCLK; 39:PA15 / TIM8_CH1=M2_PWM_U; 40:PB3/4/5/6=NC; 41:PB3/4/5/6=NC; 42:PB3/4/5/6=NC; 43:PB3/4/5/6=NC; 44:PB7 / TIM8_BKIN=M2_FAULT_N; 45:PB8 / TIM8_CH2=M2_PWM_V; 46:PB9 / TIM8_CH3=M2_PWM_W; 47:VSS/A=GND; 48:VDD=+3V3_A",""
"C701","100nF/10V","0603","1:1=+3V3_A; 2:2=GND","pin24 就近"
"C702","100nF/10V","0603","1:1=+3V3_A; 2:2=GND","pin36 就近"
"C703","100nF/10V","0603","1:1=+3V3_A; 2:2=GND","pin48 就近"
"C704","4.7uF/10V","0603","1:1=+3V3_A; 2:2=GND",""
"R701","10Ω","0603","1:1=+3V3_A; 2:2=A_VDDA",""
"C705","1uF/10V","0603","1:1=A_VDDA; 2:2=GND",""
"C706","100nF/10V","0603","1:1=A_VDDA; 2:2=GND","VDDA/VREF+ 邻近接地"
"U2","STM32G431CBT6","LQFP48","1:VBAT=+3V3_B; 2:PC13 / GPIO=B_ARM_FB; 3:PC14/PC15=NC; 4:PC14/PC15=NC; 5:PF0 / HSE_IN=B_OSC_IN; 6:PF1 / HSE_OUT=B_OSC_OUT; 7:PG10 / NRST=B_NRST; 8:PA0 / ADC1.1=M3_IU; 9:PA1 / ADC2.2=M3_IV; 10:PA2 / USART2_TX=B_UART_TX; 11:PA3 / USART2_RX=B_UART_RX; 12:PA4 / ADC2.17=B_VBUS; 13:PA5 / ADC2.13=B_NTC; 14:PA6 / ADC2.3=M4_IV; 15:PA7 / unused=NC; 16:PB0 / ADC1.15=M4_IU; 17:PB1 / unused=NC; 18:PB2 / GPIO=M4_RESET_N; 19:VSS/A=GND; 20:VREF+=B_VDDA; 21:VDDA=B_VDDA; 22:PB10 / GPIO=M3_RUN; 23:VSS/A=GND; 24:VDD=+3V3_B; 25:PB11 / GPIO=M4_RUN; 26:PB12 / TIM1_BKIN=M3_FAULT_N; 27:PB13 / GPIO=M3_SLEEP_N; 28:PB14 / GPIO=M3_RESET_N; 29:PB15 / GPIO=M4_SLEEP_N; 30:PA8 / TIM1_CH1=M3_PWM_U; 31:PA9 / TIM1_CH2=M3_PWM_V; 32:PA10 / TIM1_CH3=M3_PWM_W; 33:PA11 / CAN_RX=B_CAN_RX; 34:PA12 / CAN_TX=B_CAN_TX; 35:VSS/A=GND; 36:VDD=+3V3_B; 37:PA13 / SWDIO=B_SWDIO; 38:PA14 / SWCLK=B_SWCLK; 39:PA15 / TIM8_CH1=M4_PWM_U; 40:PB3/4/5/6=NC; 41:PB3/4/5/6=NC; 42:PB3/4/5/6=NC; 43:PB3/4/5/6=NC; 44:PB7 / TIM8_BKIN=M4_FAULT_N; 45:PB8 / TIM8_CH2=M4_PWM_V; 46:PB9 / TIM8_CH3=M4_PWM_W; 47:VSS/A=GND; 48:VDD=+3V3_B",""
"C801","100nF/10V","0603","1:1=+3V3_B; 2:2=GND","pin24 就近"
"C802","100nF/10V","0603","1:1=+3V3_B; 2:2=GND","pin36 就近"
"C803","100nF/10V","0603","1:1=+3V3_B; 2:2=GND","pin48 就近"
"C804","4.7uF/10V","0603","1:1=+3V3_B; 2:2=GND",""
"R801","10Ω","0603","1:1=+3V3_B; 2:2=B_VDDA",""
"C805","1uF/10V","0603","1:1=B_VDDA; 2:2=GND",""
"C806","100nF/10V","0603","1:1=B_VDDA; 2:2=GND","VDDA/VREF+ 邻近接地"
"U51","TCAN1042HGVDR","SOIC-8","1:TXD=A_CAN_TX; 2:GND=GND; 3:VCC=+5V; 4:RXD=A_CAN_RX; 5:VIO=+3V3_A; 6:CANL=CANL; 7:CANH=CANH; 8:STB=GND",""
"U52","TCAN1042HGVDR","SOIC-8","1:TXD=B_CAN_TX; 2:GND=GND; 3:VCC=+5V; 4:RXD=B_CAN_RX; 5:VIO=+3V3_B; 6:CANL=CANL; 7:CANH=CANH; 8:STB=GND",""
"R510","10k","0603","1:1=A_CAN_TX; 2:2=+3V3_A",""
"R520","10k","0603","1:1=B_CAN_TX; 2:2=+3V3_B",""
"C511","100nF/10V","0603","1:1=+5V; 2:2=GND",""
"C512","100nF/10V","0603","1:1=+3V3_A; 2:2=GND",""
"C521","100nF/10V","0603","1:1=+5V; 2:2=GND",""
"C522","100nF/10V","0603","1:1=+3V3_B; 2:2=GND",""
"R530","120Ω/0.25W","1206","1:1=CANH; 2:2=TERM_L","全板唯一终端电阻"
"SJ1","焊桥 / 默认闭合","焊桥","1:1=TERM_L; 2:2=CANL","仅当电调为总线末端时闭合"
"D3","PESD2CAN,215","SOT23","1:K1=CANH; 2:K2=CANL; 3:common=GND",""
"J2","飞控接口","5针","1:CANH=CANH; 2:CANL=CANL; 3:GND=GND; 4:ARM 3.3V=ARM_EXT; 5:5V_OUT option=5V_OUT",""
"SJ2","DNP / 5V输出选择","焊桥","1:1=+5V; 2:2=5V_OUT","默认断开；外部供电不可互相顶电"
"J1","电池输入","XT30/焊盘","1:BAT+=BAT+; 2:BAT-=GND",""
"Q1","AO4407A","SOIC-8","4:G=RP_GATE; 1,2,3:S=VM; 5,6,7,8:D=BAT_FUSED","反接保护：D 接电池侧，S 接负载侧；不是普通高侧开关接法"
"D1","SMBJ15A","SMB","K:K=VM; A:A=GND","只抑制瞬态，不吸收持续回馈能量"
"D2","BZT52C12","SOD123","K:K=VM; A:A=RP_GATE","Q1栅源保护"
"F1","10A慢断 / 暂定","保险丝","1:1=BAT+; 2:2=BAT_FUSED","保护导线/短路；额定值按总电流复核"
"R610","100k","0603","1:1=RP_GATE; 2:2=GND",""
"C610","470uF/35V 低ESR","径向电解","1:1=VM; 2:2=GND","容量/纹波/回馈按实测调整"
"U61","TPS54302DDCR","SOT23-THIN-6","1:GND=GND; 2:SW=SW5; 3:VIN=VM; 4:FB=FB5; 5:EN=BUCK_EN; 6:BOOT=BST5",""
"C611","10uF/35V","1210 X7R","1:1=VM; 2:2=GND",""
"C612","100nF/35V","0603","1:1=VM; 2:2=GND",""
"C613","100nF/16V","0603","1:1=BST5; 2:2=SW5",""
"L1","10uH / Isat≥4A","屏蔽功率电感","1:1=SW5; 2:2=+5V","Irms≥3A、低DCR；实际布局温升复核"
"C614","22uF/25V","1210 X7R","1:1=+5V; 2:2=GND",""
"C615","22uF/25V","1210 X7R","1:1=+5V; 2:2=GND",""
"R611","100k/1%","0603","1:1=+5V; 2:2=FB5",""
"R612","13.3k/1%","0603","1:1=FB5; 2:2=GND",""
"C616","75pF/C0G","0603","1:1=+5V; 2:2=FB5",""
"R613","511k/1%","0603","1:1=VM; 2:2=BUCK_EN",""
"R614","105k/1%","0603","1:1=BUCK_EN; 2:2=GND",""
"U62","TLV75533PDBVR","SOT23-5","1:IN=+5V; 2:GND=GND; 3:EN=+5V; 4:NC=NC; 5:OUT=+3V3_A",""
"U63","TLV75533PDBVR","SOT23-5","1:IN=+5V; 2:GND=GND; 3:EN=+5V; 4:NC=NC; 5:OUT=+3V3_B",""
"C621","1uF/10V","0603","1:1=+5V; 2:2=GND",""
"C622","4.7uF/10V","0603","1:1=+3V3_A; 2:2=GND",""
"C631","1uF/10V","0603","1:1=+5V; 2:2=GND",""
"C632","4.7uF/10V","0603","1:1=+3V3_B; 2:2=GND",""
"U21","INA181A1IDBVR","SOT23-6","1:OUT=M1_OU; 2:GND=GND; 3:IN+=M1_SU; 4:IN-=GND; 5:REF=A_MID; 6:VS=+3V3_A","IN- 必须 Kelvin 返回对应分流电阻低端"
"R21","100Ω","0603","1:1=M1_OU; 2:2=M1_IU",""
"C21","220pF/C0G","0603","1:1=M1_IU; 2:2=GND",""
"C221","100nF/10V","0603","1:1=+3V3_A; 2:2=GND",""
"U22","INA181A1IDBVR","SOT23-6","1:OUT=M1_OV; 2:GND=GND; 3:IN+=M1_SV; 4:IN-=GND; 5:REF=A_MID; 6:VS=+3V3_A","IN- 必须 Kelvin 返回对应分流电阻低端"
"R22","100Ω","0603","1:1=M1_OV; 2:2=M1_IV",""
"C22","220pF/C0G","0603","1:1=M1_IV; 2:2=GND",""
"C222","100nF/10V","0603","1:1=+3V3_A; 2:2=GND",""
"U23","INA181A1IDBVR","SOT23-6","1:OUT=M2_OU; 2:GND=GND; 3:IN+=M2_SU; 4:IN-=GND; 5:REF=A_MID; 6:VS=+3V3_A","IN- 必须 Kelvin 返回对应分流电阻低端"
"R23","100Ω","0603","1:1=M2_OU; 2:2=M2_IU",""
"C23","220pF/C0G","0603","1:1=M2_IU; 2:2=GND",""
"C223","100nF/10V","0603","1:1=+3V3_A; 2:2=GND",""
"U24","INA181A1IDBVR","SOT23-6","1:OUT=M2_OV; 2:GND=GND; 3:IN+=M2_SV; 4:IN-=GND; 5:REF=A_MID; 6:VS=+3V3_A","IN- 必须 Kelvin 返回对应分流电阻低端"
"R24","100Ω","0603","1:1=M2_OV; 2:2=M2_IV",""
"C24","220pF/C0G","0603","1:1=M2_IV; 2:2=GND",""
"C224","100nF/10V","0603","1:1=+3V3_A; 2:2=GND",""
"U25","INA181A1IDBVR","SOT23-6","1:OUT=M3_OU; 2:GND=GND; 3:IN+=M3_SU; 4:IN-=GND; 5:REF=B_MID; 6:VS=+3V3_B","IN- 必须 Kelvin 返回对应分流电阻低端"
"R25","100Ω","0603","1:1=M3_OU; 2:2=M3_IU",""
"C25","220pF/C0G","0603","1:1=M3_IU; 2:2=GND",""
"C225","100nF/10V","0603","1:1=+3V3_B; 2:2=GND",""
"U26","INA181A1IDBVR","SOT23-6","1:OUT=M3_OV; 2:GND=GND; 3:IN+=M3_SV; 4:IN-=GND; 5:REF=B_MID; 6:VS=+3V3_B","IN- 必须 Kelvin 返回对应分流电阻低端"
"R26","100Ω","0603","1:1=M3_OV; 2:2=M3_IV",""
"C26","220pF/C0G","0603","1:1=M3_IV; 2:2=GND",""
"C226","100nF/10V","0603","1:1=+3V3_B; 2:2=GND",""
"U27","INA181A1IDBVR","SOT23-6","1:OUT=M4_OU; 2:GND=GND; 3:IN+=M4_SU; 4:IN-=GND; 5:REF=B_MID; 6:VS=+3V3_B","IN- 必须 Kelvin 返回对应分流电阻低端"
"R27","100Ω","0603","1:1=M4_OU; 2:2=M4_IU",""
"C27","220pF/C0G","0603","1:1=M4_IU; 2:2=GND",""
"C227","100nF/10V","0603","1:1=+3V3_B; 2:2=GND",""
"U28","INA181A1IDBVR","SOT23-6","1:OUT=M4_OV; 2:GND=GND; 3:IN+=M4_SV; 4:IN-=GND; 5:REF=B_MID; 6:VS=+3V3_B","IN- 必须 Kelvin 返回对应分流电阻低端"
"R28","100Ω","0603","1:1=M4_OV; 2:2=M4_IV",""
"C28","220pF/C0G","0603","1:1=M4_IV; 2:2=GND",""
"C228","100nF/10V","0603","1:1=+3V3_B; 2:2=GND",""
"U41","SN74LVC1G11DBVR","SOT23-6","1:A=ARM_SAFE; 2:GND=GND; 3:B=M1_RUN; 4:Y=M1_GATE; 5:VCC=+3V3_A; 6:C=M1_FAULT_N",""
"R41","100Ω","0603","1:1=M1_GATE; 2:2=M1_EN",""
"C41","100nF/10V","0603","1:1=+3V3_A; 2:2=GND",""
"U42","SN74LVC1G11DBVR","SOT23-6","1:A=ARM_SAFE; 2:GND=GND; 3:B=M2_RUN; 4:Y=M2_GATE; 5:VCC=+3V3_A; 6:C=M2_FAULT_N",""
"R42","100Ω","0603","1:1=M2_GATE; 2:2=M2_EN",""
"C42","100nF/10V","0603","1:1=+3V3_A; 2:2=GND",""
"U43","SN74LVC1G11DBVR","SOT23-6","1:A=ARM_SAFE; 2:GND=GND; 3:B=M3_RUN; 4:Y=M3_GATE; 5:VCC=+3V3_B; 6:C=M3_FAULT_N",""
"R43","100Ω","0603","1:1=M3_GATE; 2:2=M3_EN",""
"C43","100nF/10V","0603","1:1=+3V3_B; 2:2=GND",""
"U44","SN74LVC1G11DBVR","SOT23-6","1:A=ARM_SAFE; 2:GND=GND; 3:B=M4_RUN; 4:Y=M4_GATE; 5:VCC=+3V3_B; 6:C=M4_FAULT_N",""
"R44","100Ω","0603","1:1=M4_GATE; 2:2=M4_EN",""
"C44","100nF/10V","0603","1:1=+3V3_B; 2:2=GND",""
"U31","TLV9001IDBVR","SOT23-5","1:OUT=A_MID; 2:V-=GND; 3:IN+=A_DIV; 4:IN-=A_MID; 5:V+=+3V3_A","标准TLV9001 DBV，不是U版本"
"R311","10k/0.1%","0603","1:1=+3V3_A; 2:2=A_DIV",""
"R312","10k/0.1%","0603","1:1=A_DIV; 2:2=GND",""
"C311","100nF/10V","0603","1:1=A_DIV; 2:2=GND",""
"C312","100nF/10V","0603","1:1=+3V3_A; 2:2=GND",""
"U32","TLV9001IDBVR","SOT23-5","1:OUT=B_MID; 2:V-=GND; 3:IN+=B_DIV; 4:IN-=B_MID; 5:V+=+3V3_B","标准TLV9001 DBV，不是U版本"
"R321","10k/0.1%","0603","1:1=+3V3_B; 2:2=B_DIV",""
"R322","10k/0.1%","0603","1:1=B_DIV; 2:2=GND",""
"C321","100nF/10V","0603","1:1=B_DIV; 2:2=GND",""
"C322","100nF/10V","0603","1:1=+3V3_B; 2:2=GND",""
"U45","SN74LVC1G17DBVR","SOT23-5","1:NC=NC; 2:A=ARM_F; 3:GND=GND; 4:Y=ARM_SAFE; 5:VCC=+3V3_A",""
"U46","SN74LVC1G17DBVR","SOT23-5","1:NC=NC; 2:A=ARM_SAFE; 3:GND=GND; 4:Y=B_ARM_FB; 5:VCC=+3V3_B","B域ARM回读缓冲；Ioff避免B域断电时ARM向PC13倒灌"
"R450","1k","0603","1:1=ARM_EXT; 2:2=ARM_F",""
"R451","47k","0603","1:1=ARM_F; 2:2=GND",""
"C450","10nF/10V","0603","1:1=ARM_F; 2:2=GND",""
"R452","47k","0603","1:1=ARM_SAFE; 2:2=GND",""
"C451","100nF/10V","0603","1:1=+3V3_A; 2:2=GND",""
"R460","47k","0603","1:1=B_ARM_FB; 2:2=GND",""
"C460","100nF/10V","0603","1:1=+3V3_B; 2:2=GND",""
"Y1","8MHz CL12pF","3225晶体","1:1=A_OSC_IN; 2:2=A_OSC_OUT","ESR/负阻与CL实测；18pF为初值"
"C707","18pF/C0G","0603","1:1=A_OSC_IN; 2:2=GND",""
"C708","18pF/C0G","0603","1:1=A_OSC_OUT; 2:2=GND",""
"R702","10k","0603","1:1=+3V3_A; 2:2=A_NRST",""
"C709","100nF/10V","0603","1:1=A_NRST; 2:2=GND",""
"R703","10k","0603","1:1=M2_PWM_V; 2:2=GND",""
"R704","100k/1%","0603","1:1=VM; 2:2=A_VBUS",""
"R705","10k/1%","0603","1:1=A_VBUS; 2:2=GND",""
"C710","10nF/10V","0603","1:1=A_VBUS; 2:2=GND",""
"R706","10k/1%","0603","1:1=+3V3_A; 2:2=A_NTC",""
"TH1","NTC10k B3950","0603","1:1=A_NTC; 2:2=GND",""
"C711","10nF/10V","0603","1:1=A_NTC; 2:2=GND",""
"JDA","SWD","1x5","1:1=+3V3_A; 2:2=A_SWDIO; 3:3=A_SWCLK; 4:4=GND; 5:5=A_NRST",""
"JUA","UART 3.3V","1x3","1:1=A_UART_TX; 2:2=A_UART_RX; 3:3=GND",""
"Y2","8MHz CL12pF","3225晶体","1:1=B_OSC_IN; 2:2=B_OSC_OUT","ESR/负阻与CL实测；18pF为初值"
"C807","18pF/C0G","0603","1:1=B_OSC_IN; 2:2=GND",""
"C808","18pF/C0G","0603","1:1=B_OSC_OUT; 2:2=GND",""
"R802","10k","0603","1:1=+3V3_B; 2:2=B_NRST",""
"C809","100nF/10V","0603","1:1=B_NRST; 2:2=GND",""
"R803","10k","0603","1:1=M4_PWM_V; 2:2=GND",""
"R804","100k/1%","0603","1:1=VM; 2:2=B_VBUS",""
"R805","10k/1%","0603","1:1=B_VBUS; 2:2=GND",""
"C810","10nF/10V","0603","1:1=B_VBUS; 2:2=GND",""
"R806","10k/1%","0603","1:1=+3V3_B; 2:2=B_NTC",""
"TH2","NTC10k B3950","0603","1:1=B_NTC; 2:2=GND",""
"C811","10nF/10V","0603","1:1=B_NTC; 2:2=GND",""
"JDB","SWD","1x5","1:1=+3V3_B; 2:2=B_SWDIO; 3:3=B_SWCLK; 4:4=GND; 5:5=B_NRST",""
"JUB","UART 3.3V","1x3","1:1=B_UART_TX; 2:2=B_UART_RX; 3:3=GND",""
"R101","47k","0603","1:1=M1_RUN; 2:2=GND",""
"R102","47k","0603","1:1=M1_EN; 2:2=GND",""
"R103","47k","0603","1:1=M1_SLEEP_N; 2:2=GND",""
"R104","47k","0603","1:1=M1_RESET_N; 2:2=GND",""
"R105","10k","0603","1:1=M1_FAULT_N; 2:2=+3V3_A",""
"R201","47k","0603","1:1=M2_RUN; 2:2=GND",""
"R202","47k","0603","1:1=M2_EN; 2:2=GND",""
"R203","47k","0603","1:1=M2_SLEEP_N; 2:2=GND",""
"R204","47k","0603","1:1=M2_RESET_N; 2:2=GND",""
"R205","10k","0603","1:1=M2_FAULT_N; 2:2=+3V3_A",""
"R301","47k","0603","1:1=M3_RUN; 2:2=GND",""
"R302","47k","0603","1:1=M3_EN; 2:2=GND",""
"R303","47k","0603","1:1=M3_SLEEP_N; 2:2=GND",""
"R304","47k","0603","1:1=M3_RESET_N; 2:2=GND",""
"R305","10k","0603","1:1=M3_FAULT_N; 2:2=+3V3_B",""
"R401","47k","0603","1:1=M4_RUN; 2:2=GND",""
"R402","47k","0603","1:1=M4_EN; 2:2=GND",""
"R403","47k","0603","1:1=M4_SLEEP_N; 2:2=GND",""
"R404","47k","0603","1:1=M4_RESET_N; 2:2=GND",""
"R405","10k","0603","1:1=M4_FAULT_N; 2:2=+3V3_B",""